address,tokenID,amount
0x96902952Db10f7219aE23D56b3C09AdbD729A88e,1,12
0x629b48D1a156a5AF43F1146757b070d108B4a16D,2,9
0xbf00A0Fd4Db02d460098F0a5A9E6F7abCd1d2c88,3,51
0xb0670a0d8B6DaF2364491c4100Fa1E25b16E25E5,4,41
0xe76AAE1D6EaD0E096D30562043a427B180e022c3,5,62
0xEA8Aa1Ae1dF818a2D5164f0F843a5c0003De3495,6,7
0xB71f7107d4e7dcB1Ba299C6A5ef7126e40B795e7,7,43
0xA319b09756b259c4f002063B8112d407e1848282,8,61
0xA5d3eF037bd86C307a920354487d77B3a262e558,9,16
0xb6B70196CE7B0fe3071D9e0335edfb36dAf573De,10,49
0xb9CA9FEFB4Bc962CeA3FeC26Efa8561DBa8dc0E9,11,2
0xA96181B85334cd0115d033AD57b64d9f8CA1b16a,12,107
0x3705714a3bb02188e5486d6da616528aBA6C8F5f,13,159
0xFC614131B49BC69ED532549FC212B8e6405c68Dc,14,79
0x4c6322d58945D07947F4231Da2d8300554fc9eca,15,29
0xD450d2D4fE5cDc3121EBA6588C9352d086eA1d3D,16,82
0x61Ddd8eF4a9229e8831C5bCEf0f45F81145b0ef5,17,216
0xD9008921443CdE004f812044432bbe80d1c94DeE,18,351
0xE25d9aC52C57F444b78287BcAD6C97c7Ae678FAc,19,11
0x608368078abbac26c9A7c57645af216827Df2fd1,20,286
0xB2cc8607B7A001E9ED65019A96b0acc703c49866,21,378
0xCFf8a8fEC81f4dD1a3E7AD86851291449CD33D64,22,295
0x593BD8022397660392AB47f0D01177673c520597,23,375
0x44618909315c775643A8b7C3813E4E669024C68c,24,415
0xB2b6b7FD7d527Fb728A991c3994d8e023076e3c6,25,382
0x5283689F595b510C9FDC0dBDacF0CB8a5B1D3CE4,26,269
0x923f8173DEe0b9396B91e23a2Ddff2094CA3D08E,27,441
0xFBbA3b579A29c4add92B4ca56EeF954FE6577385,28,460
0x8d287C2Fa18a001A78a452fFDA03C3e5cC681979,29,414
0x480b2394Bd3430B1462dE18A9982A2C39A14F2BF,30,462
0x10a06639DA9FB300CfB74b21Eea079e20A002D34,31,562
0xd5faB448e1134bDe89EcDa72f6AdF2bbFF245edD,32,111
0x05b204481EBa2733B8648cDD3D3272FAeCAC912B,33,33
0x09702327C555dFE792b6AF81E5CA9E0aB0cD30B6,34,469
0x20c090E355e60f69e1663b16ca450EEE3d708668,35,385
0x25c09A22671cd41bd5bdb706f902C988a0d8EC0C,36,218
0x795e19C982095ddB840311Ea3AE86E56156AAA25,37,728
0x66e8E6C9ea85f3D81E28458754cB164316ccB23c,38,33
0x3c974C0236e604E70731899f6515E40d78d6f6c3,39,479
0x6ca6d33Bc2188484E4decc10F46a57Aa32B3BC3c,40,594
0x8090CC66d097a467AD21852453F46EeAc126bed8,41,689
0xE31A94d339e8AA00Bd16cb6732740eeC16fEEcA4,42,539
0x2357A4E9E98549410Be1E303DD349225bBdB53AB,43,702
0xBBC3Ed5958bBD28B099Ab4a0B27bf37329262aa6,44,535
0x52f97419b2e959B9E54b993f974f3546473e96Ed,45,418
0x0a992Cf7d6819C2665bA6bdC9d51dDF07Bd69828,46,159
0xdac090ebAAD97bC0B12c22d2daEF2AeA61B33751,47,397
0x3A9734851613a7f5e02e713376273f80d649f0E5,48,900
0x66a855249454b39588D661A88237AD989109772d,49,69
0x1225ac9Fbd2C117D60849f0A6afBccf902016C41,50,364
0x700Ce9958A7FD1Fa6A523CF6E71b826d7bf20484,51,392
0x533e6a8DF0c5208292a8b2aFf1400bf1084aC338,52,329
0x20c497E062073c6C837dd4C938DF61f7264c8619,53,580
0x9F301FA7d61DA7201c06463cb751bf08493Bb6b6,54,737
0x531121b671fB3b8581AaA26497622D8b6A688614,55,622
0xe84F390E09705BA70ebc271577f6f7e75d50D065,56,477
0xecF89c47D062dDccEDdfa739afC67Ab1796aA4f9,57,847
0x523BF99f75422d8030A6bF05da3601A56C0f6aa6,58,610
0x27782FF27A3569bcd080Bca4927Afb80e84AeD0a,59,998
0x6948cCee0F554d235f9F6494487b3AE577fdF453,60,1049
0xd219e6109F1dF7f60201996E849101438F23EF6A,61,33
0x390AC6229348C288c41d2A1be8f4D9340c6d4Dc2,62,737
0xA2542473F3c83D41De0BbA8b5245fc246ADE66ff,63,103
0xb638De6d7f927604788B2e712582DeFDe6939b21,64,874
0xE66eF6d71100561D3899C5496e5d2809F0472237,65,114
0x9Ca02211b2c1aD1329975AA98F0Ba888F2555BEe,66,892
0x282ca4d54210472844d766d41B328C4E81c71481,67,860
0xc5171671b46aFc0FdCD848C37AEDcd1259fD7249,68,398
0x10eF682C63C7E53f0505C8599bD07523F2C11521,69,22
0x3D0eC6572bBda072Fc7741C4D145F0CbEB4d12F0,70,692
0xB15F730eF46C1bdAFEd49e4B0258C187697A1b53,71,760
0x6A66bE51C416F5a6B4f50f6F6d05E0bED175a9B8,72,13
0x8e29DfFBBb808C1A093a69eDD73B59583beeac5D,73,1387
0xb6A91CB5C7360938c98D3aaF293c1614B396d534,74,33
0xd04a720271440e63D6d26d5Ec8B7c28ceFa24E34,75,883
0xbBA02250611713233a5Bb5a98694Cf8792427Ec9,76,392
0x05f6F6f3008C90252f0e43f92309466B399dF38A,77,227
0xB54baF049613CC02481f4D337538ecF825FE666e,78,104
0x3cB458a5Eee9ccdE9b9DF6FA2c2B4A896fF8e94A,79,1182
0x9b6124c897AadbcD08E51614b23fE7f715CcD713,80,491
0x045245940cd01A37C012De4769B72BAbd108281e,81,1542
0x77422Ba554808B60251cE4CbF4BbB6199521B069,82,1433
0xc50344dcAB8071503e47E9Ff6F9816CfF3C8943c,83,676
0xe4061b085EAEA16725A057eF6C94103930AedcEd,84,1403
0x10B07E1F1f03a0b8d1954Fb1cBC8dE5164aFD443,85,113
0x2415c24Cd43C56363f3d68648BED4278E04eB41D,86,1666
0x0c882C05B02317fB273993248830C606cD0701A0,87,7
0x42Cf4710D92f55302b45A303D5aA8abDd3d1348c,88,381
0x5dbd39Df692F205258C467ACCEC13A0b3C5Af60b,89,1051
0x559df168996a457BC4503796653e69fcC7e54a67,90,275
0x3Ba17eB8A1DF04bA8B620702A68d78a2952e749a,91,1330
0x3B56b600acE11BEfFFD25111200C3475036B3759,92,1604
0xB43b7aDBc5567F9E51f2404B60fC2293792FBe59,93,274
0x68fc89A61b1BA49A272994843254Fc5D491D5994,94,1361
0x3e6Aa67cbb7f56716f9684cF72B902Ff8d54b52e,95,491
0xAfB944c3EfFC73391943A5bd463963197d64699A,96,272
0xe1AE9ce1453e0976A7E67397BCAc8886C614973F,97,544
0xeC1864A87146ac5190Ad12d6A86F10b190d88D91,98,749
0x8EDC3dcbBeA1982F7E3425D4C5501dA7aF89BbfF,99,889
0x0e4e71C26125D0c4380b89E77aEfE605039B5EF5,100,710
0x06Ef56B507607F614d5d88FE7FAde92760DeeaF1,101,895
0x21470Ac11165dc72362F01DF4C142AD97E3Fc9Ea,102,391
0x5017c07F8f1924Fab1b95102723D7c6bE1368fab,103,1192
0x4d43905cB638111D6Ca706B750418d547E6194A4,104,1067
0xDe13DF6702EB3dDAcFe6650c65B6dA57408EC9C9,105,851
0xDCEbD27CE42e16C60aDfac48A20dd0e4F7218e65,106,341
0x05c35A5Bba85841AeA7AFB119b80b8F09269f40B,107,642
0x0C602b147660Ad44E469b1fA82dFa0c2D7203EBC,108,1305
0x984Afa349951DF0041B568D52274a45E75d34035,109,2071
0xE8B2Cf7b28ef9F43af27A2e27fCD785b696bc603,110,1272
0x95832aA67747266eaC35ed26888aE1Ee197517e5,111,854
0x5a239C6eD26aD9b6Eb411b9a982b8B3b3C74f7ec,112,2007
0x4cFD66a649943Be03b42dfA1090272514e73544D,113,1630
0xEd4bA5Cc5E58fd39d53Bf624EeB4ca9117197527,114,1358
0x76F35C76C766a8fC28608485E498E73c2a61FF99,115,1944
0xfCc2304dEeA68CC18B7B7897476A8F69C22dF27A,116,782
0xeabC957FC79E72d645d4753A82ff951Fad3BCcd7,117,550
0x274DbE15cb61132b667B254F2c9A10A439559FaF,118,2043
0x502C0F52471fb022F031a07B4cC95f894A2A9419,119,1042
0xc62Ac631D7Da30D6FbE7C136678bb2c568661c31,120,1941
0xDCC604Ff5C8fED4084787369B136824291BA4e5c,121,773
0x27Eb58a9c14dE8b2c33292298842287D7a60a7Bc,122,226
0x13BB4B21Bc1cB1FbA5A6B75F532c5609ad00114E,123,2133
0xc073FC7467483B0Eb44De18878d251e79dE38D3f,124,11
0xe1f317952B294c1CeC7Fa8E7644Bf85EcFC95243,125,1960
0x4206ad4817aF0A7d85c632b2A49A5D5106c086C9,126,1063
0x0946A712FCa914a6337fc0B497EeB92fFa46BE6C,127,698
0xad5a00B8c72cc8958A55cEB581969075E30b0edc,128,814
0xE80944c9691c6E0f88c7C824c7D0b46DE5383030,129,2384
0xb7ABc42Dc58081C5b5cFBA967E203F6C0C4CE08b,130,566
0x5104b779Fc15AcD6653E79Ef8863745AeEcc789C,131,1269
0x6EB99daB420940992a3EAe25cb1172033bfC91ff,132,193
0xFA01b84f7fE1d151e9A65a1F9f0d91223ee03bA1,133,1579
0x9aD826428a9a20Dd9aDdE9BE3151b2Cf7F56b859,134,878
0x05AE579Ea3AB99863cAbB2D62Ae52650634a876c,135,3
0x87BDf149Fe55eAB3d20Fc5fee6cF630e882275a3,136,1651
0x8d731EC25AC0a44e0daa29DCeAe10fd30Cba049e,137,718
0x63026a0BeEF92BE7c5b6Dd7e70C7c0D3Be140c1F,138,1783
0x04E20d8F6131017925b7747d8071793F72224338,139,649
0xe7665f98A364D4Ca6cF23Da8A5265a3a215907f2,140,944
0x8E4a97D6853Ac7afe3b903a6c74f04928013976f,141,2369
0x880d5cdC0711C415A91BF85Ceebe2A4b4d323C54,142,2776
0x28D8fCD1b82d590C27c87B639dcA7d31e74473A8,143,1043
0xa055C63fF195679b36849C0B12658a4F081B9F4B,144,1690
0xB84B474B2eab7CAB9A5356A1cA0df3179Da9Ec0c,145,654
0x317C007FC24c73928b8BBA27c4081Aa0356Dcb0D,146,1234
0xB97BCeBe5C868DF7457E03f8434A36D51bF57e9d,147,2481
0x9ADDf501Bf22BEe19bABDc5Fb130c9ceeE01dDb3,148,2393
0x0499eAA2FcF9ca7186517Ab74E428306b069f731,149,2468
0x11FbB36b642CdaEBF491269c4720Ede4349a7609,150,639
0xFAde9837927B6Ae18A3B1A93Bad8BB5038207bFd,151,1526
0x510AccA76E6BA7f3c25d7d1749423F9baCd7711A,152,3022
0x2565D77c6A25f252C066FA0aF90556440de6fb16,153,1044
0x4a721B8A9E0bD13df0aE936450B67d1DfC70023c,154,2746
0xaC5da7BA74Efc987c344f49759A72ea63BB04419,155,434
0x67966e926858AD0D4FB5177df700173Ca8Afe5FD,156,631
0x1929556b1AF8BaC13a99bd0dbb21DBf1268b1F41,157,143
0x9ED8FA1E0FF417462A319DDe1be10ce7EF22E322,158,1094
0xe726e39CdfCa11faB9f763307Cc4aB10d074a370,159,1829
0xF8DcB9a84F3E497E56a83c80D7006CBb3bBA3413,160,1088
0xBDD6306db0d22dCE675E0D3fd9C15Fd4F8578296,161,1938
0x34c7c0198D4D34aC1E793DE38ad9bbecA4D92e05,162,1631
0x8bdfC5B4722C495eE1d22cD900D4882F4F3DE4F8,163,236
0x0c1767cA038e5D234aB3289d1d07b130e45cB954,164,271
0xe8CF759b2afa9c23b84C5Dca8059309E11363DEe,165,1012
0xaed184F0b6Bc8BF515f555ec25a1C81A063A59dE,166,2274
0x505A583EE7797349Ef3fF7df3DD11FD31713A5A7,167,3280
0xdE016513098d1698ED1FB63ab998Ac418c0D630D,168,2993
0x9a1A05732b8829A31824B864d3475f01F472A02f,169,113
0x8C2d5a6fC2E927eA49BaBb2aa44B7c93A53B87Dc,170,168
0xF14BF0b73AE7ef7E3515A870e454e52838540b5D,171,3001
0xcd34B2845D2cf80988537125d61c97d9B15D7b23,172,1911
0x65B96ce58a2238e4b684E43D7BF8c1a7B7866D62,173,2712
0x824c43fDf733208bD46bC03Ae5abd56C851e1A31,174,3223
0xfe4361D8cDc655D2D1657a79f002d3F1A2f94B53,175,183
0xF45403A90BA0F33F3825E20F71F3e9978D6faA37,176,3479
0xA4f31C347Bace8B9c9d68C0EB3EE7C449F85F3B9,177,2204
0xb0F6FaD22a8E29F82DCBe3fD870014aCF6448595,178,691
0xC139331339DF4F6ee7bC82cf31033455c08cE57f,179,3081
0x62C10A4161913f466260852a8594828BfDc26Db6,180,2078
0x34B82a8CC6BB98A251B8e83D3523E90835CaEbf6,181,1705
0xD5Fa951e83CE68F900C48F136ccA57E01C8A90cd,182,1648
0xC73891d63377444BF33f6267ce5D3c5CAC8AeeE8,183,627
0x12a357F4df67aE5141605Ba16c4C789c62202595,184,1079
0x675c5378dA1DcDdcf26c5c8537b4CDC0Bab7B07c,185,2321
0xDC4Cd26C99C324AA1077516dbeEE59c2f802E8E3,186,1417
0xBce6f563eb568688D03d312331abD914Ab7E417C,187,3588
0x7a93aCf0186F954dB3861a634993DA70B12f0f57,188,1785
0x8BefEF879e1C6A2C65d1D423Fa8198828eB18245,189,2300
0xA1AfB52fb5B2DBF37B87e6B4062c44cf65754c37,190,2211
0x4877E7A8fae56dEE6e04c83Cbd4d02c855F6E4F0,191,2684
0x6207890EEbcEBE8364285EA723A7247e10400aE1,192,2405
0x39B7442bB7Ea38e3f942D4bf0347a1BE5A825031,193,1007
0x3F7fa029928Ee7F0649ca2900487a71CDb11803A,194,721
0xa3399D61887ab9061e2D9E7a83739bd346a10Bb7,195,1809
0x2e2E88a71FbE5A2631cC55252d086FaF59B83F70,196,1706
0x1751B7A17d733821310072122c1B2BEea8fB080c,197,991
0x5bAdDc60b125baB2E30DF176B9D62df031eb0902,198,2699
0x4a588EAF589D622C0192FC079b8CE1bf122db93d,199,2535
0xb999FEC47E9Bc64C7119b82678F9E144f0e9d258,200,3795
0xac4Da0D8Ab86c5C9248fcEe7F6FB79Af49738977,201,1811
0x4A47b6BE140cb62b5Bb7db9e18E30C22903f04A2,202,1148
0x5eA7375ebD744DD0d4c7714Eb767E6BF4964Af79,203,2615
0x4f02338D80661E2Ab9a0DB0Bea4A4c56a0452Bd9,204,2235
0x0F236B2f4c114D52957Db6e7352EC3Bf750642B5,205,3049
0x2C1533AbefC85621A98184e85A7D7B75f074151e,206,240
0xa614E2123d548C1c42f268146567B195cb6F35Fb,207,665
0xD5EB3fF2C74E9a36340017ECed2A22Ec48436160,208,754
0x53cd74beAD50A392542aE2049D8f905Dd09483Db,209,4163
0xe748994dD1ec5e7bf0C36C0bde91E5dBA753dD17,210,3604
0x822845A875C2831b3d9340c19C19e05De096B2Ce,211,2064
0x3aAf7CB72Dc059c3BEc2B95B9207799e9894D8cA,212,811
0x4D1C04C75390dc2c9Bf703c3A406D9D98b61a2bf,213,1157
0x8E008A46E6CccD0d366A817896AA633E5A5d6535,214,2347
0xbB4b0c6A5E1eff7F5D15828Bb6DA5Fb15B70340F,215,230
0x24e50085F067E46bd28703774d01272257503559,216,3984
0xfA2F44b981dDd0c677BaC7e655B504EFa21Ca589,217,3999
0xaEa5300C62C81719D76e6c96031B7E8dC2a27044,218,2306
0xa03a5B8F0ab2dF5f02eECF18a5fD735f6435f452,219,4175
0x32ae39943A74653FBEdc97d900871BBBF334D44c,220,4313
0xeDF9295b57F9486BB053eb8b8c9AC3226E18c5cF,221,837
0x4A52410DE40AAd8F7a55caB163b7F5fD1e4Fc544,222,2251
0x8cF65586181898e65D76e2251dAf9eE5E217a683,223,1072
0x7076Ba7c4812D59ae42bcac140f07cC4Ec58Ac77,224,2848
0x2f65692863dd3A572415b26e6dCd8FA411241Ef2,225,2836
0x200096ff42328642a5F0A0DCbDA86e9CB50502A4,226,2343
0x04564F5DC47A14fB0F9b3dC9d226dbDAb9635a59,227,1914
0x5AD9Da51cf39FB3B65e0eFC35FDA4b26750989E7,228,1440
0xA9943E30FA1aD08e7D97b6D14BA58FdE7C713128,229,4517
0xaCd302C20241e2096071f365d24A17BB5Ac0E708,230,2702
0x56543c0c00D648FFEeD164748efbFb0328708f2C,231,394
0xc8577E3992B1c20265F0CDA3743fab7DcDbdE22a,232,357
0x86016d522853B552A6765f3Be7d5ec3fA29dc191,233,3877
0x725Eba07ca0aC0412D5462e11162Df20A1f0432F,234,186
0xfed44C244178e8f062d9282276580Fa72200a56f,235,2467
0xd848d9ba4a9e810a441dE941981c91aAbE163BD9,236,4682
0xc9DE1270BfD278B8e6B727714D8EfCf52e066c19,237,4425
0x1D4DE00DB4B705f37eade21f5aBD3d47217B9fec,238,2178
0x857d90568696Dcf5729886893c3dF2A6Ce4d6Aa4,239,3274
0x03D20e179CF15DE3952A61Fa43Cc33a1a70e2BBa,240,3562
0xfe3fBeA557fbE3b73aa4F0F1Fd7269204b2157d7,241,613
0xF629f4090014F72eee50106CA7C68D207F1F82df,242,4835
0x35d85917fB0d220aDb7B703D62F6fF81CfAF43DB,243,2134
0xc065773bd0d9D40bf4BdA47aF7B04EcD0b1fD0Fc,244,2141
0x62F5d7b86948469Ad82ECAdB12cbbCCd40a4d93b,245,2442
0xa7aa231b32a077B1C81FB12c4F9fEEf2765325a4,246,4679
0xfe3cc78B4fD676dfc7241B48AE440Ee947D7B379,247,4811
0xB9752Ef3A63d8B2B12d289989227e36953eD69B5,248,3385
0xFb168037c4fa18cA958517e605bb2314D600daD8,249,1254
0xC59dD468146f6800eC7B7c8Eb4029C54eEC7c9da,250,4857
0x13af0Ad4A6e031Ad538a5ABD05E1527a7bB34f51,251,1985
0xa4E08C17996e0CAEE0441b42127693Fee23E6981,252,1306
0x6df5E32272d829149666c472a4D1A80541FB7608,253,3672
0xB1d4805b8aa4edd9A9821DF81A8ae62ee552574b,254,1351
0x7a6472c6F7cb450AD92EbBCa910CEf39C4F573F5,255,67
0xF09E27B3CE0006b7d5fc025DF1fdAB80bd7452cb,256,4230
0x21A3a2D8b22d5246b35DA63DD541dB871aB828Dd,257,3389
0x43477F2B7530E7b8627871243Dcb8F81edC34960,258,691
0x2f7fb6bF07a74534B0654bB2BB5198f408B04065,259,4639
0xa4fE2fc7f9316466ba9a198F894aA4A4Baa992Ce,260,3366
0xDc169f5B2c904C17E9779C3EA52E728fd20C72f0,261,2319
0x6c9B271799c388bcd8b7Ea07E01d0207c4D2c413,262,4226
0xe9Aedc1ECaFeFF0025aE720599Cf13cD55de9362,263,1552
0x52B14f77EAed219dBc55046a2484255DC33b5A1E,264,1703
0xA1De76d17BA419eC8bc81cFe9959bD28564Ad73F,265,405
0xb99C5bE12575519fD7746d7e255aEaE239Bf6231,266,1441
0x10d05CcD562F65b93A021d3C104d66F7D561B529,267,112
0x5f751FA9C117C5ecbB9Cc0278E501Df6D4CC5C53,268,2858
0x4e0bb2c6C2c15053Ff7d1c49Cc21C5Ae198fF657,269,137
0x9fA058EF7e050CF90055C5E1266fcf0b9Cd80Bdc,270,4502
0xACaEf660Af48646b05141C89dF95F75FDe27966D,271,602
0x4B4c0428A785103d907D04827aF4eF320456Ff10,272,3178
0x20DA1E3cCA35f7eD646CD0BCF7a304224C4c772C,273,2296
0x8cB1166605DB65dE525df24492a251Fb9b7cdeDA,274,2570
0xAE16C2A8f04846A9277dE19712DD3Ac4cf317F4C,275,3400
0x2B0408Fb228635540D24712910B2Ca7eB57A4c46,276,4598
0xa2148B7cB424A14B4f4117EfCf8550504B877a87,277,1236
0xB3fa36699830180cFd9c99d1505F8d009F90252f,278,256
0x9d3890421c1CB5d0708acADeFC2B4a01Ba256EDe,279,5358
0x6458480E114B64C1b67c046959ebB7FcAAF87B0f,280,3857
0x86D5CDa67182c1b1B9E6dA6DC3C8F699ef187E0d,281,3391
0xaa7C6e6dCE8bc4A4796b09C7A362173cC9f33457,282,5508
0xEdBb6e25dF321f979aA6F961D8D05D6eEe65c055,283,1075
0xA38E2736cAC9fE4D38B4a4bF98d90C012b1058AD,284,4859
0x87AB3609023716d8FD6819992b821E9F11400eaC,285,5159
0xF17c50dDc3DE02D0d68e9bf8e82597c7507d19fc,286,2084
0x05225F03FA7d6648dC070FA06644A7480e949f43,287,1812
0x345675209C9329914a918ecC586E0de087C4e8CF,288,2704
0x0a0318AeA8f6a635CDe2b55754b4d2e3b7f389f3,289,1524
0x201Ee3D2269D4eD972321c043B68AfadD9AFF569,290,901
0x19f9D594d25C1e6242dDF404c8cF4521C43C179e,291,3951
0xe4Dd937c714CC187386583EbB9A32bdeF211d9F9,292,5834
0x8A0Be70F8E25945695922F708dD7277c449328bC,293,5192
0x9389653EE67e7ec42811e89ca9ACA7c7e075654E,294,2450
0xBE706D637487cCC1Fdf74b1b6c74d3da2EAF6600,295,3893
0x454CDA4713f5d847ce8a36f10e7f1C9e55f511AC,296,102
0x3eeC951C4f5bEBf520003Eedc29B4B73e55880e8,297,2503
0xC7175255Cb0904c716F7E3236C80D9f693d8F36D,298,5073
0xc3438AE772b2cE8586Ec5e81284a2f2651774421,299,633
0x5Dc7814965eB80F9E01B6E3fC604E97A93b62c3a,300,4699
0x25C21240A1E17a1611030cE24Be712b0162510A0,301,3786
0x1e258bc6ADAb664839e02375aCaf41FEb8d49ac6,302,5997
0xB68A6aE5C2a4a4bDC056B91de0De5257483bdcde,303,4107
0xB82bF170794338A67f6A4dD84c42E7d909E31C04,304,1593
0x5B1e67481A3A377A151Ce9F96442c8c6Cf85CEC9,305,2104
0x23A177ca7E1f3943E055D6BAc370902267412332,306,366
0x90a61386d1c3e1Ed7Ed32B91C38eE9332812B1FD,307,1283
0x329D145DEf33944D4bA1aA4A30C438FA1BE9f651,308,2463
0x670928f470acE7CCF63Dd9eE633BF89a5201b8Bc,309,717
0x46a4399BD784F0FD7060A8F60dCfaE9679cde57e,310,311
0xcDEE0958Bebde398C4d2F210F1B50D9341B0CDA6,311,2955
0xD5cE28853cDB341Aa32849982f2c36281C7A6A79,312,5631
0x0cffB1219013Bb4D1C791d9AecE99E844fD93c4d,313,6025
0xcF97082A69C5aF12b8A626e655C07419e45d24D0,314,3338
0x620738353AFe3F4C18A66C2A796a4279DeaB2AD4,315,1373
0x684F5C8Fce5FeF365046d67dD98E4D878BA8A09E,316,4752
0x260d390ff4AdbAa8C9218af137062b556A7d0803,317,3886
0x7D8a5F9f537ECFAbAE44d25701113816ed38b0D5,318,6147
0x3d0e0eaFf5C1919CC9f50bcd2014827Ee7867262,319,3950
0x5d32B69Abf77182da22494879B2196D1593da55F,320,3246
0x105c203C4Df16Bc4dd629357ca50189A555672C5,321,5989
0x619Fb09df23E600BbdE9cD364D0CA54D2Fe76298,322,5338
0xC899A62a8dBa44Cabc4298e32309E5528aFAAfbB,323,1690
0x0C285DD736efa0142697dda17E7A2826720183E0,324,3753
0xC2Dab62C879e13Ed576ce57B4A0db7b42591Ee16,325,5541
0xDFA41a02443B4A4849613cb577F90Ac97f2657f2,326,4212
0x8E9Ec6c8223D0C0764B8dE07c6366Abe8DecAe7a,327,4193
0x64c7c4fC101311EB462D5b492b5A6A270dAC003E,328,6166
0x33F82501069553e26FED5dFF4511ef11C67D841B,329,907
0x1F2C6cc1bB9891e14835395d5dCbBbDB3D671CA7,330,589
0x4d6F617a0a85Bd397FB3Dca979D0c6a3c5236a91,331,4052
0x9022F477329Eb50Fc17a21BE43DD7C03eE2eeA9B,332,1316
0xaC69AFF0b241E780983505B0dd3320E60c9B2eb0,333,1209
0x97950Acc14fF1794d587a180272122a9B7A3115F,334,4429
0x2825dDE5ee93d5A8f9A4B527716f98CeC70cFf9D,335,5478
0xeE329858a5f8949ad0dcc6BB56CccE10999e883b,336,6260
0x53bdF52f969D79dC2A3036a9d161fD536871EBC8,337,5467
0xc791e614B92f34F447Ba01FA6814d4cc233E07D3,338,3372
0x88A1B4beCa17E9e83f457a4Dd8E593e44aBb8FE2,339,1535
0xFe50FE8B40D00EEBfA5321589221391F301Ad4C4,340,2024
0x6820B68A360Abff4899903dA7a15f433e46A62B2,341,6079
0xCfE708569Ecc16Ec6591b9B8ba582644Ee31C969,342,6025
0xEAEC783018eE7833b0d5401b5D969a2E41438336,343,6537
0x695d3f7194B29d8717aBF0D20C8e55f2B3D32094,344,165
0x876a6Ff89C34c6D818311FCe7E7da60e6372930F,345,2823
0x1d2254449DC2588297BaA9F1139dC035E58478a7,346,5494
0xe0a6b352835C84F8B795664348c9AA4cDA92be0a,347,3081
0x2e80a72A05DfAe9FCC5e7432829e96d7477cFD56,348,2452
0xCAA8cf53738EFdF1e02923fce8D8968203fd9559,349,5492
0x6EbDC09F0D1473d423716c55D783B0E37563665B,350,1046
0x9D8af5a05aE1D772e9efC093F443B798F84DF7eC,351,3046
0x536A11CFeC53eBB759c7e1CC27FaE083C6e21977,352,4124
0x0b8519Fc311e578affDe5C81Ee1706f174eB42B4,353,481
0x8a8B223Ac34d8691e245BEE2747e996239e927B6,354,5468
0x74C523435302A9D7C58e0f914c432c6eA2851925,355,5546
0xCE5127026aB256A8F9d5251f4138c2D729D35b93,356,7088
0x3c397E218EAEcBf52C519377fb2C85D7E26C19bB,357,1750
0x44FFD8083193f16538A3a4f540d99b189A74ECd3,358,4945
0xBcBdbC5e317aaC303acA648EF92028e7085afF3C,359,3783
0xb5Cd12838eC66748a65163c333fa9E2a527F4542,360,3324
0x4Bb6323eF667B8fC310AaCb319cE2C7b81394998,361,4869
0xdF9c68cf7Fa1AA7a7ae7cECD5EE1E924c6b34AC9,362,6617
0x6922060163e883196748C519Dd285A21F83D5784,363,6579
0x56be653121f9082a55BF40d4A902F54F2c1ECCCB,364,3676
0xf3C8D42c85401CD53f1e571Fd602c3Ed7e8fE21F,365,1202
0xF7985517c0A609729E9527d0Cec3Ad4936F33e02,366,2231
0xc0d7290575E97FC01D54e55eE90623B7a6563bAe,367,6333
0xAdc2AfFDfDac032A9D1aD9F7E97bed377103b083,368,6407
0x7d55b1B44c889f80B8D62625A61019A5304EBd0C,369,2197
0x3A65231a9d247cE3cb0484BC8BbEF55f7E4fbe28,370,6121
0xC7522F9ecadB208f0C942D8f4DD423CaE62de361,371,1784
0xef5797248F146F626B36defb15a071AC13637919,372,5538
0xC04Bad2179cF601C1C1e2Ce9680d07B33156dce3,373,4171
0x2563aFef982cF291E4b00dE3230948C58b6Fbb8A,374,1352
0x0EB3C77d57224021e0E74e28BD48761De5349d96,375,889
0x56728740654636e4EC9Fb28AA1C416b27F1a09E8,376,1652
0x4C9eFCcF38B07F65bD4164BDF7845BAB41443902,377,5771
0x479f203D170DFcEfc558B83B3471912882742946,378,3947
0x2C54FB68BD571DF55499e25e9Fa3A4541707B692,379,6229
0x5f84e1fA2A89F117BC6b34B08f9e7df8A1d0526A,380,2606
0x4810F39df37f99AB1ed436E95CfC6dBcFf15aAD4,381,7336
0x36c49e981ec623c8662fb6052633E485c452dFa7,382,5544
0x3e2b8c9E1198a03fFC8FeC465701559380f3bf8b,383,5958
0x8cFB41C1A167b72D27bBf44cf0B8A3f3B7204861,384,6478
0xf7594B008123a08acAF9B17764dff54cAeB0A6eE,385,1631
0x64e9496bf7f7548490cAd96F2A0f004f3EdE0fe8,386,1021
0x147Fd63ff2800D4cA1a707F09B56A568C0aF93Bc,387,4134
0x9331ea444072B05a27E531538a6066613DA93b47,388,2578
0x89c47D03a4a33Ce2539AA7097539694d4dE18d60,389,1811
0x0F4709eA25dCFE3054389282fC0ad9e1863c769f,390,5662
0x2d4d98D80F9622fE0013063269720b878e6F9778,391,3561
0x9C54a4b299Cb6e06c9e668B3E72e27ae8a588979,392,2318
0x8AA385E450382e11D330b3A021Aad71B149ef71A,393,3699
0xB713916b2f9e97B462b7538ff4Fcb999045ee3a8,394,394
0x4DBE48051119d7383B85c0Ea967ad48fBE0Ff37d,395,682
0x321c0873406f4b539e8743790a5E22e3A62AFA97,396,2977
0x0623F3d0FC2451da6278a5a05E07b0d2CDE881e9,397,6778
0xA53c3a23B404678D6026F791CD0937b9833cb926,398,3781
0x56Dff4A58a3A68205FA004a7917d86d46adE39eE,399,6932
0x5BE7536340544Ba4DC667c0Ee21FB7F074E57E70,400,3296
0xBBEFB11F938103600b9B68518B225e6E918bdde7,401,507
0x78a2FC442A8FF72bbcaA6214cCd90DF874e155C2,402,7530
0x0E67d8A8b674A4d39D47A29B9E21c278A5FCAB07,403,954
0xf151fCefeD1201F6fAAb6195b756143AFf945D52,404,5178
0xf0354a02f23539320b1f899Ee144F24494B71d35,405,996
0x04A7A7216Ff50AAc3Fed5f48cE9843B6c4330011,406,4332
0x699502EFb213842Fcd4aB1Bdfd29984CE4D1e32E,407,6482
0x200CF47689DCa0F38e0a8cdEe5012102f3D9982D,408,7199
0x83aE6690942F597F5708F756A8F7D02b2e5AC54c,409,7424
0x6aC065f6bace0a7D219cebB93ddfcA59394Bcb36,410,1697
0xD64b0AdDb97cd778d0ca7900Cc552745c0eA050E,411,1713
0xCcdE562dd485C98c3e09b7710799F4C4685d4f68,412,203
0xEf28C59da31356Dd53d0D36fb786C72F73B7DC6d,413,427
0x5aE13d24099b6f1C7A334E17fF8fF3A2395678d0,414,1735
0xB73ECF4b83f0D713592F3084447dc18d70895CFd,415,5444
0x190353EcF1b33fCF36645dfd2f92c1e6B6bd3583,416,4704
0x4f11c3d93f7EbB18d7AC773D478196919d662d0D,417,4324
0xd321124A67C5f53861186C449A9D1A26E576AE0f,418,4835
0x03f7717224EAd1e4C0d89f2B992f7E69b58C90d1,419,6878
0xA71046e0Fd4Ca4932499feE179DC488BEfBA1ba6,420,2355
0xC7a8F30cD28FF8c09b5bcd61a55e105e03056b11,421,2671
0xef24662826a44e26779b3FcBa8126Dfde66eEC62,422,2776
0x797140bC381C4cF9bf8B330f8e9D607Ce73949B3,423,8222
0x993D5c668b600B7D6C3FBA92f1a08242c8105D69,424,392
0xc5Cf01F0f058E9Fcf464213890324F777a8Da822,425,7758
0x6655f87fe522fa5ecF71ad811F0C88bC4f5A47d1,426,3082
0x94464f9dB99d506bC4F3d0224F6C994eC0EE7dCa,427,5869
0x47Ed39e66Df837134aBf679F27A0122faDa81607,428,8478
0xe6a4A5Ad890904fdE33F1043E23a49B8357302c8,429,6032
0xa6e6c62E3A0f3a5403AB76Ee008511775f030C9b,430,4801
0xE2a9A78eDAB0986cC60BC4a73f0C26a2ca55563B,431,2246
0x5E3c2a01E64218468b90e08816D9D70C01739515,432,8235
0xF3F164fD11c5bC14209a967594Ab5CA7ea235CD9,433,6036
0x3441054c930A04f3d475119Fb19461c23D3014cE,434,6608
0xCbD60206a2aD394cbAc104f7509672E0397707C3,435,1958
0xBE6779F8Fc8D582237423F964bE90B88E81d896e,436,6193
0x585d33902E34FFA004d35c12f8Eaf591B803713B,437,5532
0xe143A0C572768274677F7c282bfa09B64f591d54,438,6086
0x55B8486e203186cCDc944FD0570ea99422817C32,439,1013
0x4B0861c906E5F9B005e16a43d3b3B43309dcF6C2,440,4512
0xae11eC337A33735DB5c8e47493a58606f0DF98B9,441,4791
0xd0587B3f9A00f7ED7c164bd9E2c6C65E838aEc84,442,3
0x02b04D92409516dBE63F0a3A10104Bd56b1d017D,443,3542
0xeB6575b45bE7f3Fc3355a9fB3cfc07f3031E851A,444,6779
0xbb4683Bb438e05B94302fb5C917043B629dDC4eC,445,5789
0x5920604746Ded97eea955B60591FB3a6B8cc7c0a,446,8254
0x26D90D7FaFA59F05aD633f7e6b342039519823c8,447,7866
0x88aC5a84f49BCC8CeE6F1c0bd5d3cAC9D7f39E57,448,6726
0xAd7B4bbD639F060Bc9d75bEc4252A71F72D4a70D,449,2676
0x29844198ab820772961F32974CC3838A5bf9484A,450,5372
0xeF8e275Cc913f6114773aC4cE827C370f6374802,451,7550
0x2A490478Da56dA505BF738d6CA8987DFdDF0bAFc,452,5509
0x004282CA1aAc6394D813827E51ec363faFC73e57,453,3217
0x21e4F5002a759510C8dC16Eb7ff77C6ACbEd401E,454,83
0xb84Fd84ee88b01a8aC61Dab66b43A007FaF76006,455,7276
0x5C8f4a3aD298018586f70CF8a6D04Ef6af014d78,456,7611
0x78B8D045B3fFD590982E28C6ff1dC75c3525491c,457,4674
0x6dB48eFf0158D74fA0fA01C87E020daEB0F60daD,458,8743
0xa44E8C37665ddfA83A39B47947291496E37a37FE,459,8357
0x3386b4a6bc2fD06843f3CAa147f9842BebbbB5bA,460,6865
0xfdC44F038D8e88F1e086B53D1896DD8E94A6C865,461,7734
0x1D5d2C80eF31e4Bd9F534BbaF23C7A7913473EbB,462,5231
0xf1995e049627183700d992d734C07CA202a98C22,463,4990
0x475823A19541F3e458A467Adbe3dD98944ce0379,464,4501
0x437C5b651c9D0512243858f058Af893DcaDC4e90,465,8696
0xcC7088082e1421B3C0EAb286DC6B9f321088eC48,466,9242
0xD1c9FA68F28D63D95c65a704584A1F4B791585c2,467,842
0x1E48C5Bc1Bea6a5C7AEE5068bc27882d52381D42,468,2024
0xd6d6fce26ED8f6Ad924b402664b2E51375E055Be,469,1034
0x7c2B1f8bC80A2D2C61120c92BC445Eea860aC2E1,470,8511
0xB56e39fC78A752a7B05B9261236Ecaa405f774b2,471,2955
0xEaB9E314e6AAecB5F3D95000830b8d1b0aB013Fc,472,3960
0x913C7A2bEd653E633ea3331872066513DdBA2A61,473,7317
0x238Bc392655933a369229edc1Ea70a59c1E6a7b1,474,6752
0xbD25FF82E1CCf4f07eB2eB6FE8594E0E1a5F939C,475,9403
0x09b742af7C1eBBE4e159daB04Dd448dAe16e5921,476,3297
0x5173A8bCbC631dc5B2D60EE7Ded4CB24b83fE368,477,273
0x13F40B828D633cfa6663caD0dbA93B780bbe9f17,478,3961
0xd1F3Dc0A5EB0CFe1aD2F33Bb36885b333E2d77c1,479,8171
0x3205454B3cb6AED8d44c3B173b73eD2416e0cE4e,480,1954
0x1106C5e7BcAbe8295C9e0D577CA455F79B61d849,481,4907
0x1719a2a9a8d7237EBAd529fb9FFa631B7Bd1c627,482,3124
0xe2b16A29b0Dc9C1A46bdeBaC84C16a71692Fc2a3,483,965
0xFD9AA40A4A14439F6588A6A754d1AfD74a0A5F60,484,44
0x037773dc5D4f7FcFfA51ab9303C51d74E468AF91,485,3921
0xaC3CA117d025bBAa20cC529bB83c3f31B8d24b69,486,8698
0x35F351792a81Df1896939022E919EB49dfA6bbBB,487,4105
0x6935D03B32f8Bebb1531d51707c5B8D61C262E63,488,6397
0x614d843576B6b06a963F956790FfB0989EdE7F8B,489,4156
0xAA9Db5896244aA92FFFf3a524B9b3b901c0A5DA3,490,746
0x057d3f58EA73955Cba758Ca3800bFA665Dbd4163,491,4296
0x1891E99b328509b6B07D4BB6E7cDF7C63769dB0d,492,8379
0xa8A4084e8805203E3Ab62Ff762764e952BDDf4E8,493,2166
0xC820EB50Fff8336DdD56a7C934Ec325242230e5F,494,8618
0x43632E596dE015e69ACBEE4aF54c5D1518c99830,495,863
0xe2F9617FD39802dEE238A97bD990d6B5A0334B2A,496,9626
0x0c1F94bE74F97FefD6C3A0d5D8B8d67841e52a84,497,9645
0x85C63117680ad08ec2A6d442d11b3E16A8dC1647,498,1096
0x3c75Aeb1893a51FDD8c5c5Fe3aBc2FcA456762Ae,499,8579
0xd3f0AF41dd1C3E0f78C09fffeffec57D085E8ee2,500,7893
